{"cameraMode":{"drawMode":0,"name":"Shaded","section":"Shading Mode"},"sceneLighting":true,"audioPlay":false,"sceneViewState":{"m_AlwaysRefresh":false,"showFog":true,"showSkybox":true,"showFlares":true,"showImageEffects":true,"showParticleSystems":true,"showVisualEffectGraphs":true,"m_FxEnabled":true},"in2DMode":false,"pivot":{"x":1279.645263671875,"y":798.558837890625,"z":-186.6425018310547},"rotation":{"x":0.21191392838954926,"y":-0.02462490275502205,"z":0.0053413864225149158,"w":0.9769707322120667},"size":1772.0697021484375,"orthographic":true}